<?xml version="1.0" encoding="UTF-8" standalone="yes"?>
<!-- In this example IDs are carring information to ease understanding - they look like paths to ease understanding, but are just IDs, similar to the naming of namespaces - these IDs can be replaced with information less UUID -->
<!-- CSIPSTR15 goes like this: We recommend including all schema documents for any structured metadata within package. These schema documents SHOULD be placed in a sub-folder called schemas within the Information Package root folder and/or the representation folder. -->
<mets xmlns:xsi="http://www.w3.org/2001/XMLSchema-instance" xmlns="http://www.loc.gov/METS/"
  xmlns:xlink="http://www.w3.org/1999/xlink"
  xmlns:csip="https://DILCIS.eu/XML/METS/CSIPExtensionMETS"
  xsi:schemaLocation="http://www.w3.org/2001/XMLSchema-instance schemas/XMLSchema.xsd http://www.loc.gov/METS/ schemas/mets.xsd 
    http://www.w3.org/1999/xlink schemas/xlink.xsd 
    https://DILCIS.eu/XML/METS/CSIPExtensionMETS schemas/CSIPExtensionMETS.xsd" 
  OBJID="IP_18006_SIARD2_1Rep_externallobs" TYPE="Databases" csip:CONTENTINFORMATIONTYPE="SIARD2" 
  PROFILE="http://www.eark-project.com/METS/IP.xml" csip:OAISPACKAGETYPE="AIP">
  <!-- CSIP1 - mets/@OBJID -->
  <!-- CSIP2 - mets/@TYPE -->
  <!-- CSIP4 - mets/@csip:CONTENTTYPESPECIFICATION -->
  <!-- CSIP6 - mets/@PROFILE  The PROFILE attribute has to have as its value the URL of the used profile. When this profile is implemented as is the value is the URL for the official CS IP METS Profile. -->
  <metsHdr CREATEDATE="2019-01-25T10:20:00" csip:OAISPACKAGETYPE="SIP" LASTMODDATE="2020-06-15T10:20:00">
    <!-- CSIP7 mets/@metsHdr@CREATEDATE -->
    <!-- CSIP9 mets/@metsHdr/@csip:OAISPACKAGETYPE -->
    <agent ROLE="CREATOR" TYPE="OTHER" OTHERTYPE="SOFTWARE">
      <!-- CSIP10 mets/@metsHdr/agent -->
      <!-- CSIP11 mets/metsHdr/agent/@ROLE  The role of the mandatory agent is “CREATOR”.-->
      <!-- CSIP12 mets/metsHdr/agent/@TYPE The type of the mandatory agent is “OTHER”. -->
      <!-- CSIP13 metsmetsHdr/agent/@OTHERTYPE The other type of the mandatory agent is “SOFTWARE”. -->
      <name>E-ARK Corpus Team</name>
      <!-- CSIP14 mets/metsHdr/agent/name -->
      <note csip:NOTETYPE="SOFTWARE VERSION">1.0</note>
      <!-- CSIP15 mets/metsHdr/agent/note -->
      <!-- CSIP16 mets/metsHdr/agent/note/@csip:NOTETYPE The mandatory agent note is typed with the fixed value of “SOFTWARE VERSION”. -->
    </agent>
  </metsHdr>

  <dmdSec ID="uuid-4wqd8DD8-2561-4315-AC39-F941CBB138B4" CREATED="2020-06-15T10:20:00" STATUS="CURRENT">
   <mdRef LOCTYPE="URL" MDTYPE="OTHER" MDTYPEVERSION="1007" xlink:type="simple" xlink:href="metadata/descriptive/archiveIndex.xml" SIZE="2340" CREATED="2018-04-24T14:37:49.609+01:00" 
     CHECKSUM="9B706A5D472B383C5A965639F4873E01D081B89DFEA16A7D8E072A60B4C6846F" CHECKSUMTYPE="SHA-256"/>
   </dmdSec>
  
  <dmdSec ID="uuid-48eg8DD8-2561-4315-AC39-F941CBB138B4" CREATED="2020-06-15T10:20:00" STATUS="CURRENT">
    <mdRef LOCTYPE="URL" MDTYPE="OTHER" xlink:type="simple" xlink:href="metadata/submission_agreement/submission_agreement.xml" SIZE="86453" CREATED="2018-04-24T14:37:49.609+01:00" 
      CHECKSUM="005a46043be036835027b474dba863b5" CHECKSUMTYPE="MD5"/>
  </dmdSec>


  <amdSec>
    <digiprovMD ID="uuid-48C18DD8-2561-4315-AC39-F941CBB138B4" CREATED="2018-04-24T14:47:52.783+01:00" STATUS="CURRENT">
      <mdRef LOCTYPE="URL" xlink:type="simple" xlink:href="metadata/preservation/PREMIS3.xml" MDTYPE="PREMIS" MDTYPEVERSION="3.0" MIMETYPE="text/xml" SIZE="2854" CREATED="2018-04-24T14:37:52.783+01:00" CHECKSUM="d1dfa585dcc9d87268069dc58d5e47956434ec3db4087a75a3885d287f15126f" CHECKSUMTYPE="SHA-256" LABEL="premis2.xml"></mdRef>
    </digiprovMD>
  </amdSec>
  

  <fileSec ID="ID_filesec">

    <!-- CSIP59 there MUST be an ID -->
    <!-- schemas -->
    <fileGrp USE="Schemas" ID="ID_schemas">
      <!-- CSIP60 there MUST be a fileGrp-element -->
      <!-- CSIP64 there MUST be an USE-attribute -->
      <!-- CSIP65 there MUST be an ID-attribute -->
      <!-- METS.xsd -->
      <file ID="ID_mets_xsd" MIMETYPE="application/xml" SIZE="133920" CREATED="2018-05-01T14:20:00"
        CHECKSUM="4e9961dec3de72081e6142b28a437fb8" CHECKSUMTYPE="MD5">
        <!-- CSIP66 there MUST be a file-element -->
        <!-- CSIP67 there MUST be an ID-attribute -->
        <!-- CSIP68 there MUST be an MIMETYPE-attribute -->
        <!-- CSIP69 there MUST be an SIZE-attribute -->
        <!-- CSIP70 there MUST be an CREATED-attribute -->
        <!-- CSIP71 there MUST be an CHECKSUM-attribute -->
        <!-- CSIP72 there MUST be an CHECKSUMTYPE-attribute -->
        <FLocat LOCTYPE="URL" xlink:type="simple" xlink:href="schemas/mets.xsd"/>
        <!-- CSIP76 there MUST be a FLocat-element -->
        <!-- CSIP77 there MUST be a LOCTYPE-attribute -->
        <!-- CSIP78 there MUST be a xlink:type-attribute with the value "simple" -->
        <!-- CSIP79 there MUST be a xlink:href-attribute -->
      </file>
      <!-- XMLSchema.xsd -->
      <file ID="ID_XMLSchema_xsd" MIMETYPE="application/xml" CREATED="2015-12-14T14:20:00"
        CHECKSUM="94ed1a93ce3147d01bcb2fc1126255ed" CHECKSUMTYPE="MD5" SIZE="87677">
        <FLocat LOCTYPE="URL" xlink:href="schemas/XMLSchema.xsd" xlink:type="simple"/>
      </file>
      <!-- xlink.xsd -->
      <file ID="ID_xlink_xsd" MIMETYPE="application/xml" CREATED="2015-12-14T14:20:00"
        CHECKSUM="90c7527e6d4d3c3a6247ceb94b46bcf5" CHECKSUMTYPE="MD5" SIZE="8322">
        <FLocat LOCTYPE="URL" xlink:href="schemas/xlink.xsd" xlink:type="simple"/>
      </file>
      <!-- CSIPExtensionMETS.xsd -->
      <file ID="ID_CSIPExtensionMETS.xsd" MIMETYPE="application/xml" CREATED="2018-12-14T14:20:00"
        CHECKSUM="1a31b3aa3ae1e9b99e7a8b4618f3b485" CHECKSUMTYPE="MD5" SIZE="1673">
        <FLocat LOCTYPE="URL" xlink:href="schemas/CSIPExtensionMETS.xsd" xlink:type="simple"/>
      </file>
    </fileGrp>
    <!-- documentation -->		
    <fileGrp USE="Documentation" ID="ID.AVID_documentation">  <!-- this ID is just for internal reference -->

      <!-- Submission decision-->
      <file ID="submission_decision" USE="documentation" MIMETYPE="TIFF"  CREATED="2015-12-14T14:20:00" 
        CHECKSUM="005a46043be036835027b474dba863b5" CHECKSUMTYPE="MD5" SIZE="86453">
        <FLocat LOCTYPE="URL" xlink:href="documentation\submission_decision.tif" xlink:type="simple"/>
      </file>	

      <!-- ER diagramme -->
      <file ID="IP_er_diagramme" USE="documentation" MIMETYPE="PNG"  CREATED="2015-12-14T14:20:00" 
        CHECKSUM="005a46043be036835027b474dba863b5" CHECKSUMTYPE="MD5" SIZE="86453">
        <FLocat LOCTYPE="URL" xlink:href="documentation\Northwind ER diagram.png" xlink:type="simple"/>
      </file>	
    </fileGrp>			

    <fileGrp USE="Representations" csip:OAISPACKAGETYPE="SIP" csip:CONTENTINFORMATIONTYPE="SIARD2" csip:OTHERCONTENTTYPESPECIFICATION="SIARD_2.1" ID="ID_Rep1">

      <file ID="IP_18006_SIARD2_1Rep_externallobs_METS.xml" USE="OTHER" MIMETYPE="application/xml"  CREATED="2015-12-14T14:20:00" 
	     CHECKSUM="90c7527e6d4d3c3a6247ceb94b46bcf5" CHECKSUMTYPE="MD5" SIZE="8322">
	     <FLocat LOCTYPE="URL" xlink:href="representations\rep1\METS.xml" xlink:type="simple"/>
	   </file>	
	 </fileGrp>
  </fileSec>
  <structMap TYPE="PHYSICAL" LABEL="CSIP" ID="StructmapID_rep1">
    <!-- CSIP80 mets/structMap -->
    <!-- CSIP81 mets/structMap/@TYPE The type attribute of the structural map (structMap) is set to value “PHYSICAL” from the vocabulary -->

    <!-- CSIP82 mets/structMap/@LABEL The value must be “CSIP StructMap” -->
    <!-- CSIP83 mets/structMap/@ID -->
    <div ID="Structmap_Div_ID" LABEL="IP_18006_1REP">
      <!-- CSIP84 mets/structMap/div -->
      <!-- CSIP85 mets/structMap/div/@ID -->
      <!-- CSIP86 mets/structMap/div/@LABEL - The main division (div) element in the package uses the package ID as the value for the attribute LABEL.-->
      <div ID="Structmap_Div_ID_Metadata" LABEL="Metadata"/>
      <div ID="Structmap_Div_ID_Documentation" LABEL="Documentation"/>
      <div ID="Structmap_Div_ID_Representations" LABEL="Representations"/>
      <div ID="struct-map-reps-sub-div" LABEL="Representations/rep1">
        <mptr LOCTYPE="URL" xlink:type="simple" xlink:href="representations/rep1/METS.xml" xlink:title="ID_Rep1" ></mptr>
        </div>  

      <div ID="Structmap_Div_ID_Schemas" LABEL="Schemas" CONTENTIDS="ID_schemas"/>
    </div>
  </structMap>
</mets>
